{
  "hash": "2db50db9",
  "configHash": "d88b974a",
  "lockfileHash": "1d0a9647",
  "browserHash": "96db5da3",
  "optimized": {
    "@angular/core": {
      "src": "../../../../../../node_modules/@angular/core/fesm2022/core.mjs",
      "file": "@angular_core.js",
      "fileHash": "63553101",
      "needsInterop": false
    },
    "@angular/core/rxjs-interop": {
      "src": "../../../../../../node_modules/@angular/core/fesm2022/rxjs-interop.mjs",
      "file": "@angular_core_rxjs-interop.js",
      "fileHash": "6a8708b2",
      "needsInterop": false
    },
    "@angular/forms": {
      "src": "../../../../../../node_modules/@angular/forms/fesm2022/forms.mjs",
      "file": "@angular_forms.js",
      "fileHash": "50340ba6",
      "needsInterop": false
    },
    "@angular/material/form-field": {
      "src": "../../../../../../node_modules/@angular/material/fesm2022/form-field.mjs",
      "file": "@angular_material_form-field.js",
      "fileHash": "3738ce76",
      "needsInterop": false
    },
    "@angular/material/icon": {
      "src": "../../../../../../node_modules/@angular/material/fesm2022/icon.mjs",
      "file": "@angular_material_icon.js",
      "fileHash": "27d5e931",
      "needsInterop": false
    },
    "@angular/material/input": {
      "src": "../../../../../../node_modules/@angular/material/fesm2022/input.mjs",
      "file": "@angular_material_input.js",
      "fileHash": "ffeebe75",
      "needsInterop": false
    },
    "@angular/platform-browser": {
      "src": "../../../../../../node_modules/@angular/platform-browser/fesm2022/platform-browser.mjs",
      "file": "@angular_platform-browser.js",
      "fileHash": "e6c9149f",
      "needsInterop": false
    },
    "@angular/platform-browser/animations/async": {
      "src": "../../../../../../node_modules/@angular/platform-browser/fesm2022/animations/async.mjs",
      "file": "@angular_platform-browser_animations_async.js",
      "fileHash": "7a1ebb00",
      "needsInterop": false
    },
    "@angular/router": {
      "src": "../../../../../../node_modules/@angular/router/fesm2022/router.mjs",
      "file": "@angular_router.js",
      "fileHash": "5bf3f738",
      "needsInterop": false
    },
    "rxjs": {
      "src": "../../../../../../node_modules/rxjs/dist/esm5/index.js",
      "file": "rxjs.js",
      "fileHash": "14963665",
      "needsInterop": false
    }
  },
  "chunks": {
    "browser-XJYGG2V7": {
      "file": "browser-XJYGG2V7.js"
    },
    "chunk-EUFYCYLF": {
      "file": "chunk-EUFYCYLF.js"
    },
    "chunk-SMARIRUJ": {
      "file": "chunk-SMARIRUJ.js"
    },
    "chunk-FXA5LPDQ": {
      "file": "chunk-FXA5LPDQ.js"
    },
    "chunk-7TWM3VUS": {
      "file": "chunk-7TWM3VUS.js"
    },
    "chunk-NHR7MDT6": {
      "file": "chunk-NHR7MDT6.js"
    },
    "chunk-5ETSO25M": {
      "file": "chunk-5ETSO25M.js"
    },
    "chunk-ZAZBQFOJ": {
      "file": "chunk-ZAZBQFOJ.js"
    },
    "chunk-6EXQV4WU": {
      "file": "chunk-6EXQV4WU.js"
    }
  }
}