{
  "hash": "92f67be7",
  "configHash": "1a95f44f",
  "lockfileHash": "1d0a9647",
  "browserHash": "afc3306e",
  "optimized": {
    "@angular/core": {
      "src": "../../../../../../node_modules/@angular/core/fesm2022/core.mjs",
      "file": "@angular_core.js",
      "fileHash": "c77fa57c",
      "needsInterop": false
    },
    "@angular/core/rxjs-interop": {
      "src": "../../../../../../node_modules/@angular/core/fesm2022/rxjs-interop.mjs",
      "file": "@angular_core_rxjs-interop.js",
      "fileHash": "3fc84eee",
      "needsInterop": false
    },
    "@angular/forms": {
      "src": "../../../../../../node_modules/@angular/forms/fesm2022/forms.mjs",
      "file": "@angular_forms.js",
      "fileHash": "42ac9e44",
      "needsInterop": false
    },
    "@angular/material/form-field": {
      "src": "../../../../../../node_modules/@angular/material/fesm2022/form-field.mjs",
      "file": "@angular_material_form-field.js",
      "fileHash": "ab08048f",
      "needsInterop": false
    },
    "@angular/material/icon": {
      "src": "../../../../../../node_modules/@angular/material/fesm2022/icon.mjs",
      "file": "@angular_material_icon.js",
      "fileHash": "7c152545",
      "needsInterop": false
    },
    "@angular/material/input": {
      "src": "../../../../../../node_modules/@angular/material/fesm2022/input.mjs",
      "file": "@angular_material_input.js",
      "fileHash": "3c99f7d5",
      "needsInterop": false
    },
    "@angular/platform-browser": {
      "src": "../../../../../../node_modules/@angular/platform-browser/fesm2022/platform-browser.mjs",
      "file": "@angular_platform-browser.js",
      "fileHash": "785ffebe",
      "needsInterop": false
    },
    "@angular/platform-browser/animations/async": {
      "src": "../../../../../../node_modules/@angular/platform-browser/fesm2022/animations/async.mjs",
      "file": "@angular_platform-browser_animations_async.js",
      "fileHash": "e9de72b8",
      "needsInterop": false
    },
    "@angular/platform-server": {
      "src": "../../../../../../node_modules/@angular/platform-server/fesm2022/platform-server.mjs",
      "file": "@angular_platform-server.js",
      "fileHash": "312ff00d",
      "needsInterop": false
    },
    "@angular/router": {
      "src": "../../../../../../node_modules/@angular/router/fesm2022/router.mjs",
      "file": "@angular_router.js",
      "fileHash": "13c64ad3",
      "needsInterop": false
    },
    "rxjs": {
      "src": "../../../../../../node_modules/rxjs/dist/cjs/index.js",
      "file": "rxjs.js",
      "fileHash": "4c6493e7",
      "needsInterop": true
    }
  },
  "chunks": {
    "browser-U4L6SEQA": {
      "file": "browser-U4L6SEQA.js"
    },
    "chunk-CM34JZ7F": {
      "file": "chunk-CM34JZ7F.js"
    },
    "xhr2-ISERFGGE": {
      "file": "xhr2-ISERFGGE.js"
    },
    "chunk-YRP65JDX": {
      "file": "chunk-YRP65JDX.js"
    },
    "chunk-AT73ITQE": {
      "file": "chunk-AT73ITQE.js"
    },
    "chunk-RO3ONNTX": {
      "file": "chunk-RO3ONNTX.js"
    },
    "chunk-XQDR7BAW": {
      "file": "chunk-XQDR7BAW.js"
    },
    "chunk-PELHDELF": {
      "file": "chunk-PELHDELF.js"
    },
    "chunk-WTYD2XRC": {
      "file": "chunk-WTYD2XRC.js"
    },
    "chunk-3RXKYMU5": {
      "file": "chunk-3RXKYMU5.js"
    },
    "chunk-2H3L6IVL": {
      "file": "chunk-2H3L6IVL.js"
    },
    "chunk-NQ4HTGF6": {
      "file": "chunk-NQ4HTGF6.js"
    }
  }
}